customer_id,name,email,country
1,Wayne Joseph,carolphillips@example.net,Bermuda
2,Dawn Mclaughlin,aimeepacheco@example.com,Vanuatu
3,Beth Sanders,jeffreywilson@example.com,United Arab Emirates
4,Barbara Cameron,chendavid@example.net,Sudan
5,James Hoffman,john59@example.com,
6,Adam Sutton,jeremy49@example.net,Chile
7,Nicole Nelson,harrismichael@example.com,Guatemala
8,Melissa Johnson,shannoncampbell@example.net,Mexico
9,Alyssa Schmidt,williamsbrittany@example.net,Timor-Leste
10,Amy Williams,dawn45@example.net,Somalia
11,Richard Torres,rhorn@example.org,Pakistan
12,Brittany Stone,georgeshaffer@example.com,
13,Shirley Cochran,patrickharrison@example.org,
14,Angela Blackwell,kedwards@example.net,
15,Luis Gaines,natalietaylor@example.com,Philippines
16,Christina Hess,lindseyalvarez@example.com,Lao People's Democratic Republic
17,Bryan Gray,claytonryan@example.com,Portugal
18,Anthony Powers,ntodd@example.net,Norfolk Island
19,Doris Graham,spearsdan@example.net,Bosnia and Herzegovina
20,Jennifer Moore,andrea33@example.org,Vanuatu
21,Christopher Powell,fwarren@example.com,South Africa
22,Paul Moreno,fharris@example.org,French Guiana
23,Denise Ruiz,jerryclark@example.com,Tanzania
24,Matthew Warren,pbautista@example.com,
25,Anthony Smith,gonzalezchristopher@example.net,Marshall Islands
26,Felicia Jordan,indicate,Saint Lucia
27,Lori Welch,vanessa77@example.org,Eritrea
28,Tammy Rose,jacksonryan@example.org,
29,Sarah Black,michelleflores@example.net,Cape Verde
30,Kelly Oconnor,qle@example.net,Djibouti
31,James Caldwell,jonesjacob@example.com,
32,Adam White,boneill@example.org,France
33,Paul Gonzales PhD,huntnoah@example.org,Norway
34,Michael Sweeney,debbie02@example.org,Fiji
35,Jasmine Stone,pirwin@example.com,
36,Tina Cannon,stephaniepreston@example.com,San Marino
37,Chelsea Davis,laurenhughes@example.net,Germany
38,Brenda Wheeler,averycesar@example.com,Mauritania
39,Michael Randolph,brianarmstrong@example.net,Saint Kitts and Nevis
40,Chad Hoover,mitchellmary@example.com,Micronesia
41,Patrick Stokes,alyssareese@example.com,Swaziland
42,Richard Williams Jr.,abigailscott@example.net,
43,Cynthia Stewart,csimpson@example.net,Ghana
44,Hannah Thompson,bforbes@example.org,Turks and Caicos Islands
45,Jacob Martin,hmarshall@example.org,
46,Donna Lowe,michael31@example.net,
47,Brittany Shelton,juliemartinez@example.net,Equatorial Guinea
48,Howard Jenkins,carlspears@example.org,Pitcairn Islands
49,Erin Jimenez,nellis@example.org,Pakistan
50,Elizabeth Hamilton,raymondnewton@example.net,Isle of Man
51,Jessica Banks,brownwalter@example.com,French Southern Territories
52,Derrick Duarte,david80@example.com,Central African Republic
53,Joseph Smith,burnsalejandro@example.net,Iran
54,Christopher Wu,xmartinez@example.com,Estonia
55,Ryan Hall,possible,Ecuador
56,Kayla Wells,luis37@example.net,Czech Republic
57,Arthur Manning,conradsarah@example.org,
58,Jeffrey Tran,lawrence29@example.org,Senegal
59,Todd Gordon,kmendez@example.org,Malawi
60,James Nguyen,manage,Swaziland
61,Joseph Schneider,twaller@example.org,Nauru
62,Alyssa Armstrong,nicholascarpenter@example.org,Pakistan
63,Gwendolyn Duffy,yscott@example.net,
64,Erin Espinoza,mistymartin@example.net,
65,Ruth Sutton,doctor,Albania
66,Nathan Joseph,benefit,Swaziland
67,Annette Stone,floresmichelle@example.net,French Southern Territories
68,Erin Lang,thompsonchelsea@example.org,Tunisia
69,Janet Marshall,youngjesus@example.org,Saint Pierre and Miquelon
70,Shane Cannon,joseph88@example.com,Central African Republic
71,William Hurley,child,Mauritania
72,Paula Mitchell,robert25@example.net,Australia
73,Michele Olson,andersonkevin@example.com,Philippines
74,Robert Harrison,allen46@example.com,Kuwait
75,Lauren Boyd,xmiller@example.org,China
76,Darren Turner,it,Bahrain
77,Kiara Martin,xwalker@example.net,
78,Christy Sanchez,ashlee67@example.org,Bouvet Island (Bouvetoya)
79,Michelle Reynolds,matthewhamilton@example.net,Sweden
80,Adam Harris,alexanderanderson@example.com,Jordan
81,Dylan Stanley,grayann@example.net,Saint Lucia
82,Sarah Harmon,travis61@example.org,Vanuatu
83,Marissa Wilson,through,Luxembourg
84,Margaret Barnes,qcox@example.com,Uzbekistan
85,Denise Haas,khanricky@example.com,Cape Verde
86,Leah Green,mathewsdavid@example.org,
87,Juan Garcia,jennifer24@example.net,Italy
88,Vanessa Morgan,webblisa@example.org,Canada
89,Eric Rodriguez,hornevictor@example.org,
90,Jessica Bates,word,Germany
91,Nicole Harper,lynn76@example.com,Antarctica (the territory South of 60 deg S)
92,Nancy Chavez,maguilar@example.org,
93,Laurie Lynn,kathleenhoward@example.com,
94,Kenneth Sanchez,jacksonleah@example.org,Congo
95,Matthew Scott,through,Dominica
96,Jennifer Kirby,srusso@example.com,Malta
97,Juan Douglas,davidcooper@example.org,Taiwan
98,Sarah Zuniga,levi94@example.net,Bahamas
99,Crystal Burnett,xgrant@example.com,United Arab Emirates
100,Candace Hubbard,maryvasquez@example.org,
101,Sara Horton,possible,Turks and Caicos Islands
102,Christopher Murphy,race,Barbados
103,Jon Barnett,tracycarrillo@example.org,Antarctica (the territory South of 60 deg S)
104,Isaiah Morrison,gonzalezstephanie@example.net,Andorra
105,Todd Cantu,smithanthony@example.net,Qatar
106,Nicholas George,manderson@example.com,Myanmar
107,Rebecca Harris,lmurray@example.org,Tajikistan
108,Erin Contreras,andreareyes@example.org,Faroe Islands
109,Randy Lopez,parkertimothy@example.com,Tanzania
110,Kimberly Osborne,dianesmith@example.net,
111,Carrie Curtis,tjames@example.org,Armenia
112,Jacob Hoover,quinncody@example.net,Monaco
113,Angel Whitney,family,Nicaragua
114,Chloe Johnston,later,Andorra
115,Robert Brown,staceygarcia@example.com,Equatorial Guinea
116,Nicole Reed,usually,Vanuatu
117,Mario Glover,vasquezdonald@example.net,Macao
118,Kimberly Fisher,thomasduncan@example.org,Sri Lanka
119,Shannon Oliver,mistypace@example.com,Netherlands Antilles
120,Nathan Williams,micheledavis@example.org,Romania
121,Christopher Elliott,laugh,Guadeloupe
122,Jonathan Collins,jamiehudson@example.org,Iran
123,Stephanie Kaufman,joseph50@example.org,
124,Donald Carrillo,wdelgado@example.com,Portugal
125,Maria Garcia,ayersdenise@example.org,Serbia
126,Thomas Hinton,glenn00@example.net,Moldova
127,Stacey Cox,smithjeffrey@example.net,Cameroon
128,Lisa Allen,william05@example.org,Martinique
129,Jordan Jones,davisjennifer@example.com,Niger
130,Andrew Riley,mariah09@example.org,Saint Vincent and the Grenadines
131,Sherry Petersen,dcruz@example.net,Sao Tome and Principe
132,Jonathan Quinn,vross@example.net,Jamaica
133,Randy Walton,tonijones@example.org,Falkland Islands (Malvinas)
134,Jasmine Johnson,sheila60@example.net,
135,Jennifer Green,lindsaymorrison@example.com,
136,Larry Berry,andrewharper@example.com,United Arab Emirates
137,Michael Cook,kenneth76@example.com,Vanuatu
138,Tina Smith,sarahstevens@example.org,San Marino
139,Crystal Miller,jonathan19@example.org,Ireland
140,Breanna Diaz,jbrewer@example.com,
141,Jeffrey Simpson,bryce42@example.net,Saint Helena
142,Robert Mclaughlin,velasquezcrystal@example.com,Equatorial Guinea
143,Erik Gonzalez,russellsantiago@example.com,Jersey
144,David Anderson,gravessandra@example.org,Saint Helena
145,Vernon Rose,philliprosario@example.org,Vanuatu
146,Kyle Montoya,stacey69@example.com,Finland
147,Brooke Shannon,sarahfrancis@example.net,Tokelau
148,Shannon Williams,jake08@example.com,
149,Joanne Guzman,caldwellkristen@example.com,Tonga
150,Bryan Brooks,bsnyder@example.com,Congo
151,Sarah Doyle,dbeard@example.net,Saint Lucia
152,Jose Sanchez,a,Saint Helena
153,Juan Jones,natalieblankenship@example.com,
154,Erin Mccoy,anthony11@example.net,Venezuela
155,Andrea Hurley,event,Netherlands Antilles
156,Alicia Wilson,argue,Falkland Islands (Malvinas)
157,Alexandria Grimes,michaelwhite@example.com,New Zealand
158,Kenneth Graham,tammyallen@example.net,Costa Rica
159,Dawn Malone,domingueztonya@example.org,
160,Kerry Reeves,terrimcintosh@example.com,
161,Laura Adams,nbanks@example.net,Cote d'Ivoire
162,Nichole Scott,martinlinda@example.com,Vanuatu
163,Sherri Harrell,brendawaters@example.org,
164,Lisa Adams,imartin@example.com,French Guiana
165,Mary Johnston,matthew26@example.com,Morocco
166,Jamie Murphy,jeffreycooper@example.org,Kenya
167,John Burke,robinscott@example.com,Kyrgyz Republic
168,Eric Kirby,jfoster@example.com,Nepal
169,Michael Tucker,kvazquez@example.net,Cuba
170,Gabriel Luna,smithbrandon@example.com,Armenia
171,Richard Hendrix,susanthomas@example.org,
172,Sean Acosta,discover,Russian Federation
173,Allison Burnett,xashley@example.com,Germany
174,Allison Rosario,andrea25@example.net,British Indian Ocean Territory (Chagos Archipelago)
175,Regina Lopez,cassandra24@example.net,Estonia
176,Mark Jackson,zacharyperez@example.org,Ecuador
177,Alan Thompson,cunninghamshawn@example.net,Denmark
178,Chad Rojas,kimberly53@example.net,United Arab Emirates
179,Victoria Callahan,christopherbecker@example.net,Rwanda
180,Monica Davis,zrios@example.org,
181,Timothy Ward,matthewpotter@example.net,
182,Amber Estrada,sarahmartinez@example.com,
183,Linda Pacheco,williamschristopher@example.com,Latvia
184,Chelsea Turner,harrislindsey@example.com,Albania
185,Mary Moses,jenniferjordan@example.net,Madagascar
186,Tara Wilson,powellandrew@example.net,Myanmar
187,David Jimenez,kellerkayla@example.net,Sweden
188,William Rodriguez,rbrooks@example.net,Belize
189,Melissa Kelly,donaldbrown@example.net,Niue
190,Jordan Valdez,mvargas@example.com,
191,Emily Buck,martin89@example.com,Finland
192,Ashley Buchanan,jamessalinas@example.com,Timor-Leste
193,Jennifer Rosario,argue,
194,Samantha Benson,stevennguyen@example.net,Saint Barthelemy
195,Bryce Torres,lvaughan@example.net,Mali
196,James Elliott,eric75@example.com,
197,Christopher Watson,tonya91@example.net,Maldives
198,Jennifer Wong,mario93@example.com,Bahrain
199,Eric Mccarty,timothy57@example.net,United Arab Emirates
200,Diana Bennett,bakersharon@example.org,Australia
201,James Maldonado,michellemiller@example.com,
202,Amanda Campbell,amanda48@example.com,
203,Jamie Leon,scottmorris@example.net,United Arab Emirates
204,Charles Garcia,list,Bolivia
205,Monique Dodson,qdavis@example.net,El Salvador
206,Janet Schmidt,nrodriguez@example.com,Netherlands Antilles
207,Kimberly Brown,millershelby@example.org,Saint Vincent and the Grenadines
208,Eric Smith,maria23@example.com,Antigua and Barbuda
209,William Flores,brianoliver@example.com,Sweden
210,Michael Nelson,michellealexander@example.net,Marshall Islands
211,Kathleen Shaw,rfarmer@example.com,Nauru
212,Jeremy Frazier,csanford@example.com,Cameroon
213,Nicole Hunt,marshallsean@example.net,Vietnam
214,Matthew Kennedy,bryanarnold@example.net,
215,Charles Sanchez,force,
216,David Byrd,wrightjill@example.org,
217,Jeff Holmes,dayjennifer@example.net,
218,Beth Jones,robertgarcia@example.com,Czech Republic
219,Daniel Castillo,carolyn81@example.net,Niger
220,Ryan Harvey,matthewharrison@example.net,Gambia
221,Angela Brown,cjones@example.com,
222,Michael Rodriguez,hundred,Sao Tome and Principe
223,David Lambert,klin@example.com,Dominica
224,Elizabeth Aguilar,browntyrone@example.org,Eritrea
225,Frank Martinez,vanessa85@example.net,
226,Steven Shelton,beardterri@example.com,Swaziland
227,Victoria Mccullough,orowland@example.net,Mozambique
228,Dennis Brady,griffithmargaret@example.org,
229,Jeffrey Fritz,karen41@example.net,Papua New Guinea
230,Olivia Powell,elizabethmoon@example.com,
231,Lisa Cain,matthew96@example.net,Montenegro
232,Joel Parker,william57@example.net,Luxembourg
233,Jacqueline Webster,dawn56@example.com,Slovenia
234,Kimberly Pruitt,hillashley@example.com,
235,Joanna Lowe,josephlester@example.com,
236,Alexander Vasquez,taylorariel@example.org,Philippines
237,Christopher Boyd,kenneth37@example.com,
238,Nancy Gomez,robert45@example.org,Botswana
239,Lee Thomas,danielle60@example.org,Canada
240,Mackenzie Erickson,mdavis@example.com,
241,Christopher Douglas,commercial,Antigua and Barbuda
242,Gregory Mccann,ehines@example.net,Kenya
243,Deborah Mendoza,burnsmatthew@example.com,
244,Bruce Brown,keith67@example.org,Lesotho
245,Martha Reid,steelekristen@example.net,Singapore
246,Martin Serrano,hpalmer@example.org,Lao People's Democratic Republic
247,Patricia Morgan,frankderek@example.com,
248,Mackenzie Davis,live,New Zealand
249,Kristy Hampton,rickeywilson@example.com,
250,Felicia Torres,jessica97@example.com,Slovakia (Slovak Republic)
251,Tyler Walter,zavaladanielle@example.com,Western Sahara
252,Michelle Downs,brooksrebecca@example.org,Romania
253,Scott Tanner,courtneywilliams@example.com,Mongolia
254,Christopher Payne,stephenthompson@example.org,Tuvalu
255,Tara Klein,brianthompson@example.com,
256,James Hampton,andrew05@example.org,Uzbekistan
257,Taylor Dunn,michele32@example.org,Panama
258,Carmen Sanchez,monica14@example.com,Paraguay
259,Jeffrey Blake,hatfieldcharles@example.net,United States of America
260,Matthew Moore,memory,Malta
261,Molly Hall,robinsongeorge@example.com,Slovenia
262,Barbara Rodriguez,usullivan@example.net,Cuba
263,Jasmin Davis,moranheidi@example.org,Argentina
264,Craig Larson,joseph38@example.net,Israel
265,Brent Salas,hendersonmeghan@example.com,
266,Joshua Becker,dog,
267,James Richardson,serve,Afghanistan
268,Katherine Johnson,kathleenhoward@example.net,Belarus
269,Stacey Watkins,matthew95@example.com,Mayotte
270,Joanna Ali,angela61@example.com,Tonga
271,Wendy Johnson,vobrien@example.org,Sudan
272,Terry Clark,veronica88@example.com,Solomon Islands
273,Aaron Marquez,nathan50@example.com,Philippines
274,Terry Nguyen,iingram@example.com,
275,Daniel Lawson,taylordeanna@example.net,
276,William Ochoa,johnathanreeves@example.org,Bosnia and Herzegovina
277,Darren Lutz,rich,
278,Sara Norris,kschmidt@example.net,China
279,Scott Mcdonald,charlesvillarreal@example.org,
280,Rhonda Nolan,qjones@example.net,
281,Nancy Hunter,johnvasquez@example.com,Latvia
282,Eric Powers,theresa81@example.com,Russian Federation
283,Kayla Walker,gking@example.org,
284,Andrew Gardner,analysis,Tajikistan
285,Shirley Glass,dshaffer@example.org,Philippines
286,Lisa Spence,light,
287,Matthew Wright,billy96@example.net,Switzerland
288,Mr. Jose Turner IV,walterscharles@example.com,Malawi
289,Jennifer Horn,diane61@example.net,
290,Miranda Simon,annrodriguez@example.com,
291,Christopher Phillips,ffarmer@example.org,Bahamas
292,Robert Thompson,pamela98@example.org,Panama
293,Joseph Flores,nicole14@example.com,Bahrain
294,Brian Mcdonald,bernardhunter@example.org,Cook Islands
295,Kimberly Collins,justin71@example.org,Montenegro
296,Danielle Davis,orobertson@example.net,Timor-Leste
297,Paul Rodriguez,paulshields@example.net,Zimbabwe
298,Jose Singh,rebeccadavis@example.net,
299,Johnny Webster,briannawatson@example.net,Germany
300,Christopher Casey,cassandrawhite@example.com,Cayman Islands
301,Miranda Pierce MD,haileycarrillo@example.org,United Arab Emirates
302,Breanna Ramos,melinda29@example.com,Gabon
303,Michael Hoover,james99@example.com,Israel
304,Christine Nguyen,kevin93@example.net,Cook Islands
305,Jake Summers,anthony19@example.org,Marshall Islands
306,David Hurst,georgeandrea@example.org,Netherlands
307,Emma Williams,justin51@example.com,
308,Christy Cook,hwright@example.org,
309,Michelle James,james13@example.org,Malta
310,Anthony Hunt,xvelazquez@example.net,Mauritania
311,Brandy Vaughn,ejoseph@example.com,
312,Todd Martin,kgraham@example.org,Mali
313,Christopher Jenkins,crystalbrady@example.com,New Zealand
314,Teresa Morales,hear,
315,Loretta Freeman,harveythomas@example.org,
316,Travis Lopez,stephaniedavis@example.org,Slovenia
317,Gregory Chavez,glennwilliams@example.org,Papua New Guinea
318,Jason Wu,slucas@example.net,French Polynesia
319,Carrie Warren,patrickchristine@example.com,Guinea-Bissau
320,Heather Medina,james09@example.net,
321,Jacqueline Brady,clarkmaureen@example.org,Venezuela
322,Sara Cowan,everettjonathan@example.org,
323,Chad Chen,stacy86@example.net,Pakistan
324,Dustin Hahn,amber81@example.org,Romania
325,Scott Chase,andrewstaylor@example.org,Papua New Guinea
326,Anna Santana,hernandezchristopher@example.com,Afghanistan
327,Ashley Bishop,brian50@example.com,Germany
328,Lori Jackson,jonesjacqueline@example.net,Thailand
329,Jennifer Baxter,sextondarrell@example.net,
330,Crystal Mitchell,thomasmaria@example.net,Uganda
331,Charles Lewis,misty32@example.org,Mayotte
332,Heather Ramirez,kevin60@example.com,Dominica
333,Theresa Rosales,mariahmendez@example.org,Timor-Leste
334,Michael Flores,jschmidt@example.org,Yemen
335,Michael Smith,qhenderson@example.net,Timor-Leste
336,Charles Gomez,between,Cameroon
337,Jennifer Spencer,lisa78@example.net,Timor-Leste
338,Adam Smith,lmoss@example.org,Morocco
339,Michael Gray,randalljudy@example.net,Trinidad and Tobago
340,Mary Gomez,qsimpson@example.com,
341,Melvin Barry,mwilliams@example.net,Bangladesh
342,Alexandria Morrow,answer,Saint Martin
343,Christine Jones,melissa00@example.net,Lesotho
344,Michael Harrington,paceshelby@example.com,Saint Martin
345,Dana Flowers,michelle03@example.net,Italy
346,Julia Bell,table,
347,Lori Flowers,zgreen@example.com,
348,Kimberly Williams,vkim@example.net,
349,Erin Malone,jenkinsmichael@example.org,Saint Pierre and Miquelon
350,Jill Jordan,mcollins@example.com,
351,Shannon Woodard,erinwest@example.org,
352,Kyle Myers,joshua34@example.com,Martinique
353,Lisa Johnson,melissa07@example.org,Saint Barthelemy
354,Mary Thompson,lorijones@example.net,
355,Billy Cabrera,thus,Afghanistan
356,James Foley,chapmanisabel@example.com,French Polynesia
357,Alexis Price,curtispollard@example.com,Philippines
358,Kristin Sims,pfuller@example.net,Egypt
359,Tiffany Carter,chale@example.net,Svalbard & Jan Mayen Islands
360,Carolyn Chung,rebeccacherry@example.org,Turks and Caicos Islands
361,Christina Lopez,brianholloway@example.com,Egypt
362,Kevin Wright,megan29@example.com,
363,Tiffany Ramirez,physical,Nicaragua
364,Mr. David Adams,nunezdanny@example.com,
365,Megan Diaz,rlozano@example.net,
366,Jamie Johnson,tgallagher@example.org,Faroe Islands
367,Megan Oliver,gregoryhayes@example.com,
368,Richard Davis,michael50@example.net,Zambia
369,Wendy Diaz,caldwellcarlos@example.net,Germany
370,Joy Taylor,chelsea90@example.org,United Kingdom
371,Rachel Mckay,isaacprice@example.org,Mozambique
372,Seth Williams,hughesdavid@example.com,
373,John Collins,kenneth17@example.net,Gibraltar
374,Ryan Garza PhD,edwardcastillo@example.com,
375,Jack Hicks,angelmiller@example.net,Saint Kitts and Nevis
376,Jessica Fuller,tkeith@example.com,Algeria
377,Kyle Owens,jlopez@example.com,French Guiana
378,Jennifer Simpson,jennifermoore@example.net,Slovenia
379,Shelley Anderson,cjohnson@example.org,Ukraine
380,Judy Graham,ajones@example.org,Romania
381,Bailey Smith,elizabeth57@example.org,Norfolk Island
382,Erin Webb,fuentesjohn@example.org,Turkmenistan
383,Jessica Foster,cthompson@example.org,Latvia
384,Frank Conner,kennethmorgan@example.org,Oman
385,David Perez,rachelsmith@example.net,
386,Sharon Espinoza,michellebecker@example.net,
387,Amy Stevenson,lay,American Samoa
388,Alexis Henderson,order,San Marino
389,James Crosby,alogan@example.net,Iceland
390,Joshua Larson,samuel56@example.com,Timor-Leste
391,Wendy Mills,manderson@example.com,Latvia
392,William Allen,nbarker@example.com,Hong Kong
393,Jessica Kane,phelpscynthia@example.org,
394,Eric Jordan,anne28@example.net,Iran
395,Vanessa Sanchez,shepherdtyler@example.org,Dominica
396,Joanne Bennett,sanchezjohn@example.org,Cayman Islands
397,Kurt Jordan,gweber@example.net,
398,Brittany Bentley,vwhite@example.com,Mongolia
399,Timothy Petersen,meet,
400,Michael Garcia,krodriguez@example.org,South Georgia and the South Sandwich Islands
401,Tara Jennings,ncook@example.org,Bermuda
402,Cynthia Brandt,glenn52@example.org,Sierra Leone
403,Sara Davis,michelle22@example.com,Paraguay
404,Andrew Gonzales,zmartinez@example.net,Rwanda
405,Troy Shaw,allisonsimmons@example.com,
406,Laura Vasquez,uhampton@example.com,Kiribati
407,Sarah Stewart,theresa44@example.net,
408,David Woodard,stephenliu@example.com,United States of America
409,Linda Shepard,scook@example.com,Austria
410,Debra Waters,jose67@example.net,New Caledonia
411,Edward Sherman,angelacantu@example.net,Bosnia and Herzegovina
412,William Hebert,daughertyjohnathan@example.net,Isle of Man
413,Janet Petty,bethharris@example.org,
414,Linda Martin,uglass@example.org,
415,Cynthia Ayala,thought,Sierra Leone
416,Erik Bender,skidd@example.net,Timor-Leste
417,Angela Patterson,elizabeth47@example.com,Sudan
418,Amber Peck,jasonjohnson@example.org,Lebanon
419,Brandon Matthews,black,Burundi
420,Glenda Ross,soon,Andorra
421,Mikayla Chambers,jwillis@example.com,Romania
422,Jeffrey Callahan DVM,catherine44@example.com,Azerbaijan
423,Ivan Burnett,blake72@example.com,Afghanistan
424,Elizabeth Sanders,ghughes@example.net,
425,Nicholas Ramirez,response,Saint Martin
426,Billy Brown,michaelallen@example.com,
427,Ann Ruiz,jessicaduffy@example.net,
428,Deborah English,kenneth29@example.org,Albania
429,Vincent Smith,abailey@example.org,Saint Barthelemy
430,Benjamin Hernandez,wind,United States Minor Outlying Islands
431,Stephen Franco,melissa49@example.org,Romania
432,Bradley Rivera,vote,
433,Dean Camacho,robert45@example.net,Chile
434,Samuel Miles,david30@example.org,Cayman Islands
435,Dr. Kevin Patterson DVM,million,Bangladesh
436,Kevin French,cameronwalker@example.net,Egypt
437,Alexander Lambert,nicholasdean@example.org,Sweden
438,Dawn Pham,its,Hong Kong
439,John Ibarra,quite,
440,Michael Nelson,theory,Northern Mariana Islands
441,Aaron Romero,spalmer@example.net,
442,James Morales,chance,
443,Troy Martinez,davidhubbard@example.net,Lithuania
444,Michael Davis,johnsonmatthew@example.org,Slovenia
445,Andrea Arroyo,ortizjohn@example.org,Mexico
446,Shawn Rivers,media,
447,Robert Barnes,hannah74@example.net,India
448,Bruce Bradford,mary51@example.net,Guadeloupe
449,Wendy Owens,kmccarty@example.com,Central African Republic
450,Bryan Stevens,hawkinssuzanne@example.com,Ireland
451,Carolyn Atkins,zwood@example.com,Canada
452,Gerald Brown,erin81@example.com,Papua New Guinea
453,Kristin Smith,dan76@example.net,Denmark
454,Susan Johnson,charlesneal@example.com,Liberia
455,Alexis Smith,arnoldbrooke@example.org,Spain
456,Michael Moore,qrogers@example.net,Germany
457,Keith Jarvis,qbrown@example.org,Botswana
458,Peter Taylor,smithrebecca@example.org,Taiwan
459,Richard Payne,perrydaniel@example.com,Svalbard & Jan Mayen Islands
460,Tyler Thomas,laurarivas@example.net,Burundi
461,Julie Fitzgerald,yward@example.com,Nepal
462,Joshua Bender,yspencer@example.net,Gibraltar
463,Michelle Cunningham,rebecca99@example.com,
464,Laurie Hughes,simonjennifer@example.net,Isle of Man
465,Joseph Espinoza,hansonnathan@example.com,Belarus
466,Michelle Cook,xadams@example.com,
467,Brian Bush,well,Saint Martin
468,Joe Rodriguez,jamesmedina@example.org,Papua New Guinea
469,Melissa Evans,every,Guinea-Bissau
470,Shannon Johnson,david21@example.com,Zambia
471,Michelle Wise,specific,Aruba
472,Jason Maxwell,sara45@example.org,
473,Hector Stephens,sarahallen@example.com,Kuwait
474,Daniel Thomas,dennissarah@example.com,Maldives
475,Michael Stephens,real,Togo
476,Sean Conway Jr.,recently,Falkland Islands (Malvinas)
477,Melissa Walker,michael71@example.org,Italy
478,Douglas Ponce,rodriguezvicki@example.com,Australia
479,Colleen Hunt,powersjason@example.net,Papua New Guinea
480,Noah Young,network,Ghana
481,Stacey Haney,top,Guatemala
482,Emily Hall,kimberly87@example.com,Taiwan
483,Richard Walsh,anitamiller@example.net,Saint Martin
484,Colleen James,tannerjohn@example.com,New Zealand
485,Crystal Allen,robertguerra@example.com,Fiji
486,Rachel Odom,taylorcarter@example.org,India
487,Robert Gonzalez,christopherking@example.org,Monaco
488,Regina Stone,cruzdaniel@example.org,Cayman Islands
489,Frank Hurst,ikeller@example.org,Burkina Faso
490,Ryan Edwards,tammystewart@example.com,Sudan
491,George Fox,kjimenez@example.net,Venezuela
492,Crystal Sexton,ethanallen@example.net,Samoa
493,Justin Rhodes,rthomas@example.net,Lebanon
494,Jamie Nichols,samantha57@example.net,Jersey
495,Elizabeth Bryant,mreyes@example.net,Central African Republic
496,Christopher Davidson,sanchezkathleen@example.org,Tuvalu
497,Troy Austin,cummingsmiranda@example.org,Uzbekistan
498,Charles Mcmahon,brobinson@example.com,San Marino
499,Adam Floyd,jessicabeck@example.net,Malaysia
500,Dr. Amy Stevens,hlogan@example.org,Uruguay
501,Ronald Jordan,benjamin16@example.org,Libyan Arab Jamahiriya
502,Michael Elliott,welchamy@example.org,Honduras
503,Daniel Riddle,xjohnson@example.net,
504,Kenneth Wall,dhatfield@example.com,Ecuador
505,Peter Singh,perezlinda@example.org,
506,Victoria Peters,tchapman@example.org,Congo
507,Scott Peterson,jimmyashley@example.com,Israel
508,Wendy Hawkins,itran@example.org,
509,Elizabeth Alvarado,johnsondaniel@example.net,Mali
510,Mary Roberson,alexandrabarnes@example.net,
511,Pamela Mason,francojasmine@example.org,
512,Ashley Stokes,matthew17@example.net,Iran
513,Bryan Humphrey,smiththomas@example.com,Uganda
514,Karen Walker,rachelwest@example.org,Sri Lanka
515,Melissa Morris,ocampbell@example.com,Australia
516,Alexis Garcia,nhall@example.net,
517,Amanda Davis,lmorrison@example.net,Saint Kitts and Nevis
518,Stephanie Miller,hortonapril@example.org,Indonesia
519,Devin Wilcox,drodgers@example.net,Japan
520,Abigail Hoffman,aromero@example.net,Lao People's Democratic Republic
521,Jermaine Smith,vhopkins@example.net,South Africa
522,Joseph Fischer,brittany83@example.org,Cyprus
523,Haley Black,acopeland@example.net,Ecuador
524,Michael Kline,yrice@example.net,Belize
525,Chris Howard,sanchezwhitney@example.org,Ethiopia
526,Brittany Velazquez,mccullougherica@example.org,Puerto Rico
527,Jocelyn Gibson,bwarren@example.org,Nicaragua
528,Christy Carter,nancyphillips@example.net,France
529,James Robinson Jr.,bradley26@example.net,
530,Wendy Campbell,grace36@example.org,Belize
531,Michelle Davis,dpruitt@example.com,Marshall Islands
532,Jodi Harris,larajoseph@example.com,Grenada
533,Amanda Perez,jasmineramos@example.com,French Polynesia
534,Michael Thomas,zfuentes@example.net,Ghana
535,Jonathan Duffy,mmcbride@example.com,Netherlands Antilles
536,Bryan Vargas,berrycaleb@example.org,
537,Ashley Richmond,political,Bahrain
538,Michael Hart,charlesphillip@example.net,Ecuador
539,Debbie Lopez,alexispayne@example.com,
540,Pamela Carroll,emilysherman@example.org,Nauru
541,Sarah Paul,vyoung@example.org,
542,Bryan Skinner,golson@example.org,Denmark
543,Brittany Williams,knelson@example.org,Bermuda
544,Frances Mejia,dannyhuber@example.com,Portugal
545,Benjamin White,ganderson@example.org,Bolivia
546,Valerie Hicks,mitchellray@example.org,Sao Tome and Principe
547,Benjamin Watkins,brianthompson@example.com,Cote d'Ivoire
548,Karen Watts,noliver@example.com,Turkmenistan
549,David Jones,jenniferjones@example.com,Saint Vincent and the Grenadines
550,Ethan Watts,christy21@example.org,Armenia
551,Jerry Morgan,smithjoel@example.net,
552,Barry Patton,derrick95@example.org,Rwanda
553,Kevin Phillips,roseevans@example.com,
554,Martin Campbell,adamseric@example.net,Iran
555,Jessica Hendrix,jenniferwatts@example.net,Slovenia
556,Carolyn Herring MD,philipmcintosh@example.net,Italy
557,Logan Booth,zacharyschroeder@example.com,Swaziland
558,Makayla Jones,taylorroy@example.org,Pitcairn Islands
559,Melissa Vazquez,ewingstephanie@example.net,Tunisia
560,Donna Burke,gtaylor@example.com,India
561,Jeffery Hopkins,matthew71@example.org,Cambodia
562,Sonya Brown,lorettahancock@example.net,Latvia
563,Roger Harper,nicholas00@example.com,Saint Kitts and Nevis
564,Brittany Bell,jason37@example.org,
565,Lance Hess,lward@example.net,Nepal
566,Christopher Maddox,kochrobert@example.com,
567,Felicia Miller,physical,Mozambique
568,Nancy Barnes,timothymills@example.net,
569,Dustin Davis,stacy31@example.org,Spain
570,Mrs. Natalie Mclaughlin,cordovakathryn@example.net,
571,Peggy Obrien,rbaxter@example.net,Andorra
572,Kenneth Lopez,georgejoseph@example.com,
573,Jennifer Gordon,stephaniewilson@example.com,Holy See (Vatican City State)
574,Corey Gardner Jr.,zhoffman@example.com,Qatar
575,Becky Oneal,jasonryan@example.com,New Caledonia
576,George Wright,billy72@example.com,Guadeloupe
577,Carol Lynch,victorcastro@example.org,Palestinian Territory
578,Matthew Norton,laura60@example.net,Liechtenstein
579,Jonathan Nguyen,hunterbrown@example.org,
580,Robert Freeman,shawnoliver@example.net,Turkmenistan
581,Isaac Cooper,alexanderzachary@example.com,Isle of Man
582,Carmen Campbell,jeffreylynn@example.com,Turkey
583,Gabrielle Medina,glass,
584,Robert Gutierrez,pwillis@example.com,Wallis and Futuna
585,David Foster,pfrye@example.net,Cyprus
586,Christopher Graham,tflowers@example.org,Burkina Faso
587,Jasmine Stafford,place,Palau
588,William Bird,michellecastaneda@example.net,
589,Leslie Kerr,douglasrusso@example.org,Myanmar
590,Marvin Nelson,william43@example.com,Botswana
591,Brandi Stewart,free,Lebanon
592,Linda Morgan,cory43@example.net,Malawi
593,Sean Garner,hruiz@example.org,Macao
594,Jessica Barrera,rachelvasquez@example.com,Norway
595,John Atkinson,awright@example.net,Albania
596,Maureen Jenkins,joelmccall@example.com,
597,Nancy Chavez,jerry42@example.com,Japan
598,Derek Suarez,clairelandry@example.com,Bolivia
599,Jackson Serrano,ymurphy@example.com,Venezuela
600,Tiffany Patterson,greentiffany@example.org,Myanmar
462,Joshua Bender,yspencer@example.net,Gibraltar
139,Crystal Miller,jonathan19@example.org,Ireland
155,Andrea Hurley,event,Netherlands Antilles
443,Troy Martinez,davidhubbard@example.net,Lithuania
541,Sarah Paul,vyoung@example.org,
403,Sara Davis,michelle22@example.com,Paraguay
241,Christopher Douglas,commercial,Antigua and Barbuda
173,Allison Burnett,xashley@example.com,Germany
484,Colleen James,tannerjohn@example.com,New Zealand
357,Alexis Price,curtispollard@example.com,Philippines
593,Sean Garner,hruiz@example.org,Macao
197,Christopher Watson,tonya91@example.net,Maldives
108,Erin Contreras,andreareyes@example.org,Faroe Islands
191,Emily Buck,martin89@example.com,Finland
467,Brian Bush,well,Saint Martin
297,Paul Rodriguez,paulshields@example.net,Zimbabwe
516,Alexis Garcia,nhall@example.net,
498,Charles Mcmahon,brobinson@example.com,San Marino
100,Candace Hubbard,maryvasquez@example.org,
351,Shannon Woodard,erinwest@example.org,
320,Heather Medina,james09@example.net,
588,William Bird,michellecastaneda@example.net,
168,Eric Kirby,jfoster@example.com,Nepal
273,Aaron Marquez,nathan50@example.com,Philippines
175,Regina Lopez,cassandra24@example.net,Estonia
151,Sarah Doyle,dbeard@example.net,Saint Lucia
94,Kenneth Sanchez,jacksonleah@example.org,Congo
297,Paul Rodriguez,paulshields@example.net,Zimbabwe
490,Ryan Edwards,tammystewart@example.com,Sudan
86,Leah Green,mathewsdavid@example.org,
500,Dr. Amy Stevens,hlogan@example.org,Uruguay
589,Leslie Kerr,douglasrusso@example.org,Myanmar
16,Christina Hess,lindseyalvarez@example.com,Lao People's Democratic Republic
528,Christy Carter,nancyphillips@example.net,France
445,Andrea Arroyo,ortizjohn@example.org,Mexico
53,Joseph Smith,burnsalejandro@example.net,Iran
415,Cynthia Ayala,thought,Sierra Leone
457,Keith Jarvis,qbrown@example.org,Botswana
512,Ashley Stokes,matthew17@example.net,Iran
241,Christopher Douglas,commercial,Antigua and Barbuda
427,Ann Ruiz,jessicaduffy@example.net,
205,Monique Dodson,qdavis@example.net,El Salvador
498,Charles Mcmahon,brobinson@example.com,San Marino
376,Jessica Fuller,tkeith@example.com,Algeria
37,Chelsea Davis,laurenhughes@example.net,Germany
280,Rhonda Nolan,qjones@example.net,
597,Nancy Chavez,jerry42@example.com,Japan
112,Jacob Hoover,quinncody@example.net,Monaco
476,Sean Conway Jr.,recently,Falkland Islands (Malvinas)
126,Thomas Hinton,glenn00@example.net,Moldova
155,Andrea Hurley,event,Netherlands Antilles
295,Kimberly Collins,justin71@example.org,Montenegro
315,Loretta Freeman,harveythomas@example.org,
171,Richard Hendrix,susanthomas@example.org,
364,Mr. David Adams,nunezdanny@example.com,
90,Jessica Bates,word,Germany
469,Melissa Evans,every,Guinea-Bissau
388,Alexis Henderson,order,San Marino
96,Jennifer Kirby,srusso@example.com,Malta
33,Paul Gonzales PhD,huntnoah@example.org,Norway
